"SUID","BEND_MAP_ID","Gene_A","Gene_B","interaction","name","Name_A","Name_B","SCORE","selected","shared interaction","shared name","source","source_original","target","target_original","TYPE"
"202","473268","GO:0042214","GO:0051762","Direct","","GO:0042214","GO:0051762","0.6506937921995771","false","Direct","","140","","86","","Direct"
"203","473267","GO:0042214","GO:0051761","Direct","","GO:0042214","GO:0051761","0.6506937921995771","false","Direct","","140","","85","","Direct"
"204","473266","GO:0042214","GO:0046246","Direct","","GO:0042214","GO:0046246","0.8426584660579471","false","Direct","","140","","84","","Direct"
"205","473070","GO:0009739","GO:1901701","Direct","","GO:0009739","GO:1901701","0.4322137639034232","false","Direct","","139","","32","","Direct"
"206","473069","GO:0009739","GO:0071396","Direct","","GO:0009739","GO:0071396","0.4698180981111812","false","Direct","","139","","30","","Direct"
"207","473068","GO:0009739","GO:0071370","Direct","","GO:0009739","GO:0071370","0.7105646437996468","false","Direct","","139","","28","","Direct"
"208","473067","GO:0009739","GO:0071229","Direct","","GO:0009739","GO:0071229","0.5342415643733047","false","Direct","","139","","33","","Direct"
"209","473066","GO:0009739","GO:0010476","Direct","","GO:0009739","GO:0010476","0.6953062225795237","false","Direct","","139","","29","","Direct"
"210","473065","GO:0009739","GO:0009740","Direct","","GO:0009739","GO:0009740","0.6875549550710702","false","Direct","","139","","31","","Direct"
"211","472909","GO:0006644","ath00564","Direct","","GO:0006644","ath00564","0.44643275805170085","false","Direct","","138","","123","","Direct"
"212","472908","GO:0006644","GO:0090407","Direct","","GO:0006644","GO:0090407","0.6156851789909795","false","Direct","","138","","5","","Direct"
"213","472907","GO:0006644","GO:0046488","Direct","","GO:0006644","GO:0046488","0.480768737067711","false","Direct","","138","","8","","Direct"
"214","472906","GO:0006644","GO:0046486","Direct","","GO:0006644","GO:0046486","0.6833587013707862","false","Direct","","138","","1","","Direct"
"215","472905","GO:0006644","GO:0046474","Direct","","GO:0006644","GO:0046474","0.4991996747887035","false","Direct","","138","","7","","Direct"
"216","472904","GO:0006644","GO:0045017","Direct","","GO:0006644","GO:0045017","0.4801950405862806","false","Direct","","138","","6","","Direct"
"217","472903","GO:0006644","GO:0044255","Direct","","GO:0006644","GO:0044255","0.3658633015893577","false","Direct","","138","","10","","Direct"
"218","472902","GO:0006644","GO:0019637","Direct","","GO:0006644","GO:0019637","0.7682152272315822","false","Direct","","138","","2","","Direct"
"219","472901","GO:0006644","GO:0008654","Direct","","GO:0006644","GO:0008654","0.7673313194083194","false","Direct","","138","","3","","Direct"
"220","472900","GO:0006644","GO:0006650","Direct","","GO:0006644","GO:0006650","0.7451423723329377","false","Direct","","138","","4","","Direct"
"221","473359","GO:1901615","GO:1901617","Direct","","GO:1901615","GO:1901617","0.8173592210595246","false","Direct","","137","","20","","Direct"
"222","472899","GO:0006643","ath00563","Direct","","GO:0006643","ath00563","0.35666807703406883","false","Direct","","136","","73","","Direct"
"223","472898","GO:0006643","GO:1903509","Direct","","GO:0006643","GO:1903509","0.6766740216537026","false","Direct","","136","","69","","Direct"
"224","472897","GO:0006643","GO:0046467","Direct","","GO:0006643","GO:0046467","0.8715694404205191","false","Direct","","136","","68","","Direct"
"225","472896","GO:0006643","GO:0009247","Direct","","GO:0006643","GO:0009247","0.6442422876665576","false","Direct","","136","","71","","Direct"
"226","472895","GO:0006643","GO:0006664","Direct","","GO:0006643","GO:0006664","0.6836179049380148","false","Direct","","136","","70","","Direct"
"227","472894","GO:0006643","GO:0006661","Direct","","GO:0006643","GO:0006661","0.3136143524287352","false","Direct","","136","","72","","Direct"
"228","473260","GO:0042157","ath00563","Direct","","GO:0042157","ath00563","0.4842151337754951","false","Direct","","135","","73","","Direct"
"229","473259","GO:0042157","GO:1903509","Direct","","GO:0042157","GO:1903509","0.3704791945736507","false","Direct","","135","","69","","Direct"
"230","473258","GO:0042157","GO:0072657","Direct","","GO:0042157","GO:0072657","0.6015669393032137","false","Direct","","135","","102","","Direct"
"231","473257","GO:0042157","GO:0046467","Direct","","GO:0042157","GO:0046467","0.30320975669024586","false","Direct","","135","","68","","Direct"
"232","473256","GO:0042157","GO:0043543","Direct","","GO:0042157","GO:0043543","0.6323699972995586","false","Direct","","135","","100","","Direct"
"233","473255","GO:0042157","GO:0042158","Direct","","GO:0042157","GO:0042158","0.9887113558228192","false","Direct","","135","","95","","Direct"
"234","473203","GO:0030258","GO:0046834","Direct","","GO:0030258","GO:0046834","0.3911955321921784","false","Direct","","134","","63","","Direct"
"235","473202","GO:0030258","GO:0046488","Direct","","GO:0030258","GO:0046488","0.40764755737355507","false","Direct","","134","","8","","Direct"
"236","473201","GO:0030258","GO:0046395","Direct","","GO:0030258","GO:0046395","0.4109672985040493","false","Direct","","134","","41","","Direct"
"237","473200","GO:0030258","GO:0044282","Direct","","GO:0030258","GO:0044282","0.46500047738339606","false","Direct","","134","","38","","Direct"
"238","473199","GO:0030258","GO:0044242","Direct","","GO:0030258","GO:0044242","0.37372595173850304","false","Direct","","134","","35","","Direct"
"239","473198","GO:0030258","GO:0034440","Direct","","GO:0030258","GO:0034440","0.6497784877729897","false","Direct","","134","","37","","Direct"
"240","473093","GO:0016042","GO:0044242","Direct","","GO:0016042","GO:0044242","0.4663760896639589","false","Direct","","132","","35","","Direct"
"241","472996","GO:0008299","ath00900","Direct","","GO:0008299","ath00900","0.3998109089214304","false","Direct","","131","","125","","Direct"
"242","472995","GO:0008299","GO:0046246","Direct","","GO:0008299","GO:0046246","0.33175019493905195","false","Direct","","131","","84","","Direct"
"243","472994","GO:0008299","GO:0044255","Direct","","GO:0008299","GO:0044255","0.3186661256356199","false","Direct","","131","","10","","Direct"
"244","472993","GO:0008299","GO:0042214","Direct","","GO:0008299","GO:0042214","0.4081093800617967","false","Direct","","131","","140","","Direct"
"245","472992","GO:0008299","GO:0016117","Direct","","GO:0008299","GO:0016117","0.3144936301387044","false","Direct","","131","","56","","Direct"
"246","472991","GO:0008299","GO:0016116","Direct","","GO:0008299","GO:0016116","0.32436453339812743","false","Direct","","131","","54","","Direct"
"247","472990","GO:0008299","GO:0016114","Direct","","GO:0008299","GO:0016114","0.8564569259115083","false","Direct","","131","","13","","Direct"
"248","472989","GO:0008299","GO:0016109","Direct","","GO:0008299","GO:0016109","0.3144936301387044","false","Direct","","131","","55","","Direct"
"249","472988","GO:0008299","GO:0016108","Direct","","GO:0008299","GO:0016108","0.32436453339812743","false","Direct","","131","","53","","Direct"
"250","472987","GO:0008299","GO:0008610","Direct","","GO:0008299","GO:0008610","0.42509155293585077","false","Direct","","131","","9","","Direct"
"251","473272","GO:0042446","ath00904","Direct","","GO:0042446","ath00904","0.31973471199601355","false","Direct","","130","","91","","Direct"
"252","473271","GO:0042446","GO:0046394","Direct","","GO:0042446","GO:0046394","0.3243399981050236","false","Direct","","130","","19","","Direct"
"253","472887","GO:0006633","ath01212","Direct","","GO:0006633","ath01212","0.3330824381908577","false","Direct","","129","","121","","Direct"
"254","472886","GO:0006633","ath00061","Direct","","GO:0006633","ath00061","0.33078244572897153","false","Direct","","129","","65","","Direct"
"255","472885","GO:0006633","GO:0072330","Direct","","GO:0006633","GO:0072330","0.8271271230887757","false","Direct","","129","","17","","Direct"
"256","472884","GO:0006633","GO:0046394","Direct","","GO:0006633","GO:0046394","0.6827913283821045","false","Direct","","129","","19","","Direct"
"257","472883","GO:0006633","GO:0044283","Direct","","GO:0006633","GO:0044283","0.5426045389150439","false","Direct","","129","","16","","Direct"
"258","472882","GO:0006633","GO:0032787","Direct","","GO:0006633","GO:0032787","0.625975915299546","false","Direct","","129","","15","","Direct"
"259","472881","GO:0006633","GO:0016053","Direct","","GO:0006633","GO:0016053","0.6827913283821045","false","Direct","","129","","18","","Direct"
"260","472880","GO:0006633","GO:0008610","Direct","","GO:0006633","GO:0008610","0.3764761190522692","false","Direct","","129","","9","","Direct"
"261","472980","GO:0006732","GO:1901135","Direct","","GO:0006732","GO:1901135","0.3968527563669806","false","Direct","","128","","127","","Direct"
"262","472979","GO:0006732","GO:0051188","Direct","","GO:0006732","GO:0051188","0.7174305164958217","false","Direct","","128","","119","","Direct"
"263","472978","GO:0006732","GO:0051186","Direct","","GO:0006732","GO:0051186","0.8707101499789889","false","Direct","","128","","117","","Direct"
"264","472977","GO:0006732","GO:0035383","Direct","","GO:0006732","GO:0035383","0.4805040682340065","false","Direct","","128","","113","","Direct"
"265","472976","GO:0006732","GO:0034032","Direct","","GO:0006732","GO:0034032","0.5118445300723893","false","Direct","","128","","116","","Direct"
"266","472975","GO:0006732","GO:0033875","Direct","","GO:0006732","GO:0033875","0.5118445300723893","false","Direct","","128","","115","","Direct"
"267","472974","GO:0006732","GO:0033865","Direct","","GO:0006732","GO:0033865","0.5118445300723893","false","Direct","","128","","114","","Direct"
"268","472973","GO:0006732","GO:0019637","Direct","","GO:0006732","GO:0019637","0.32283421658535083","false","Direct","","128","","2","","Direct"
"269","472972","GO:0006732","GO:0009108","Direct","","GO:0006732","GO:0009108","0.7848715588654954","false","Direct","","128","","118","","Direct"
"270","473356","GO:1901135","GO:1901137","Direct","","GO:1901135","GO:1901137","0.8110078113212553","false","Direct","","127","","103","","Direct"
"271","472788","GO:0006066","GO:1901617","Direct","","GO:0006066","GO:1901617","0.5020134462182811","false","Direct","","126","","20","","Direct"
"272","472787","GO:0006066","GO:1901615","Direct","","GO:0006066","GO:1901615","0.7042972362930062","false","Direct","","126","","137","","Direct"
"273","472786","GO:0006066","GO:0046173","Direct","","GO:0006066","GO:0046173","0.44118305417998793","false","Direct","","126","","47","","Direct"
"274","472785","GO:0006066","GO:0046165","Direct","","GO:0006066","GO:0046165","0.7391569015372357","false","Direct","","126","","45","","Direct"
"275","472784","GO:0006066","GO:0043647","Direct","","GO:0006066","GO:0043647","0.4896832673280822","false","Direct","","126","","46","","Direct"
"276","472783","GO:0006066","GO:0032958","Direct","","GO:0006066","GO:0032958","0.3490047938250596","false","Direct","","126","","48","","Direct"
"277","472782","GO:0006066","GO:0019751","Direct","","GO:0006066","GO:0019751","0.7475619173481753","false","Direct","","126","","44","","Direct"
"278","473377","ath00562","ath04070","Direct","","ath00562","ath04070","0.7964727869734471","false","Direct","","124","","62","","Direct"
"279","473378","ath00564","ath00565","Direct","","ath00564","ath00565","0.4692559497483578","false","Direct","","123","","26","","Direct"
"280","473376","ath00561","ath00564","Direct","","ath00561","ath00564","0.3976044761436529","false","Direct","","122","","123","","Direct"
"281","473380","ath01212","ath_M00086","Direct","","ath01212","ath_M00086","0.3114112317302169","false","Direct","","121","","67","","Direct"
"282","473379","ath01212","ath04146","Direct","","ath01212","ath04146","0.35762006670130275","false","Direct","","121","","36","","Direct"
"283","473037","GO:0009108","GO:0051188","Direct","","GO:0009108","GO:0051188","0.8986877881546966","false","Direct","","118","","119","","Direct"
"284","473036","GO:0009108","GO:0051186","Direct","","GO:0009108","GO:0051186","0.6649020964299258","false","Direct","","118","","117","","Direct"
"285","473035","GO:0009108","GO:0046434","Direct","","GO:0009108","GO:0046434","0.3297469826043401","false","Direct","","118","","120","","Direct"
"286","473338","GO:0051186","GO:1901135","Direct","","GO:0051186","GO:1901135","0.36514805934091443","false","Direct","","117","","127","","Direct"
"287","473337","GO:0051186","GO:0051188","Direct","","GO:0051186","GO:0051188","0.7579984751363665","false","Direct","","117","","119","","Direct"
"288","473248","GO:0034032","GO:1901135","Direct","","GO:0034032","GO:1901135","0.30021168038893","false","Direct","","116","","127","","Direct"
"289","473247","GO:0034032","GO:0051186","Direct","","GO:0034032","GO:0051186","0.41921037371393916","false","Direct","","116","","117","","Direct"
"290","473246","GO:0034032","GO:0035383","Direct","","GO:0034032","GO:0035383","0.9580114647809704","false","Direct","","116","","113","","Direct"
"291","473245","GO:0033875","GO:1901135","Direct","","GO:0033875","GO:1901135","0.30021168038893","false","Direct","","115","","127","","Direct"
"292","473244","GO:0033875","GO:0051186","Direct","","GO:0033875","GO:0051186","0.41921037371393916","false","Direct","","115","","117","","Direct"
"293","473243","GO:0033875","GO:0035383","Direct","","GO:0033875","GO:0035383","0.9580114647809704","false","Direct","","115","","113","","Direct"
"294","473242","GO:0033875","GO:0034032","Direct","","GO:0033875","GO:0034032","1.0","false","Direct","","115","","116","","Direct"
"295","473241","GO:0033865","GO:1901135","Direct","","GO:0033865","GO:1901135","0.30021168038893","false","Direct","","114","","127","","Direct"
"296","473240","GO:0033865","GO:0051186","Direct","","GO:0033865","GO:0051186","0.41921037371393916","false","Direct","","114","","117","","Direct"
"297","473239","GO:0033865","GO:0035383","Direct","","GO:0033865","GO:0035383","0.9580114647809704","false","Direct","","114","","113","","Direct"
"298","473238","GO:0033865","GO:0034032","Direct","","GO:0033865","GO:0034032","1.0","false","Direct","","114","","116","","Direct"
"299","473237","GO:0033865","GO:0033875","Direct","","GO:0033865","GO:0033875","1.0","false","Direct","","114","","115","","Direct"
"300","473254","GO:0035383","GO:0051186","Direct","","GO:0035383","GO:0051186","0.39204767140816593","false","Direct","","113","","117","","Direct"
"301","472893","GO:0006637","GO:0051186","Direct","","GO:0006637","GO:0051186","0.39204767140816593","false","Direct","","112","","117","","Direct"
"302","472892","GO:0006637","GO:0035383","Direct","","GO:0006637","GO:0035383","1.0","false","Direct","","112","","113","","Direct"
"303","472891","GO:0006637","GO:0034032","Direct","","GO:0006637","GO:0034032","0.9580114647809704","false","Direct","","112","","116","","Direct"
"304","472890","GO:0006637","GO:0033875","Direct","","GO:0006637","GO:0033875","0.9580114647809704","false","Direct","","112","","115","","Direct"
"305","472889","GO:0006637","GO:0033865","Direct","","GO:0006637","GO:0033865","0.9580114647809704","false","Direct","","112","","114","","Direct"
"306","472888","GO:0006637","GO:0006732","Direct","","GO:0006637","GO:0006732","0.4805040682340065","false","Direct","","112","","128","","Direct"
"307","473363","M00055","ath00510","Direct","","M00055","ath00510","0.6004223691076561","false","Direct","","111","","105","","Direct"
"308","472818","GO:0006487","ath00510","Direct","","GO:0006487","ath00510","0.5750565915713353","false","Direct","","110","","105","","Direct"
"309","472817","GO:0006487","M00055","Direct","","GO:0006487","M00055","0.4152166496091965","false","Direct","","110","","111","","Direct"
"310","472816","GO:0006487","GO:0070085","Direct","","GO:0006487","GO:0070085","0.5941361346713568","false","Direct","","110","","104","","Direct"
"311","472815","GO:0006487","GO:0043413","Direct","","GO:0006487","GO:0043413","0.625442707941345","false","Direct","","110","","107","","Direct"
"312","472814","GO:0006487","GO:0009101","Direct","","GO:0006487","GO:0009101","0.625442707941345","false","Direct","","110","","108","","Direct"
"313","472813","GO:0006487","GO:0009100","Direct","","GO:0006487","GO:0009100","0.6173252958254491","false","Direct","","110","","109","","Direct"
"314","473028","GO:0009100","ath00510","Direct","","GO:0009100","ath00510","0.6509164969454304","false","Direct","","109","","105","","Direct"
"315","473027","GO:0009100","M00055","Direct","","GO:0009100","M00055","0.3449036674146756","false","Direct","","109","","111","","Direct"
"316","473026","GO:0009100","GO:1901137","Direct","","GO:0009100","GO:1901137","0.5384035333407657","false","Direct","","109","","103","","Direct"
"317","473025","GO:0009100","GO:1901135","Direct","","GO:0009100","GO:1901135","0.410490111780128","false","Direct","","109","","127","","Direct"
"318","473024","GO:0009100","GO:0070085","Direct","","GO:0009100","GO:0070085","0.9542450160703454","false","Direct","","109","","104","","Direct"
"319","473023","GO:0009100","GO:0043413","Direct","","GO:0009100","GO:0043413","0.9905244186946565","false","Direct","","109","","107","","Direct"
"320","473022","GO:0009100","GO:0009101","Direct","","GO:0009100","GO:0009101","0.9905244186946565","false","Direct","","109","","108","","Direct"
"321","473034","GO:0009101","ath00510","Direct","","GO:0009101","ath00510","0.6589927239658546","false","Direct","","108","","105","","Direct"
"322","473033","GO:0009101","M00055","Direct","","GO:0009101","M00055","0.350265352540785","false","Direct","","108","","111","","Direct"
"323","473032","GO:0009101","GO:1901137","Direct","","GO:0009101","GO:1901137","0.5417462378735982","false","Direct","","108","","103","","Direct"
"324","473031","GO:0009101","GO:1901135","Direct","","GO:0009101","GO:1901135","0.40434184646806476","false","Direct","","108","","127","","Direct"
"325","473030","GO:0009101","GO:0070085","Direct","","GO:0009101","GO:0070085","0.963081032180278","false","Direct","","108","","104","","Direct"
"326","473029","GO:0009101","GO:0043413","Direct","","GO:0009101","GO:0043413","1.0","false","Direct","","108","","107","","Direct"
"327","473277","GO:0043413","ath00510","Direct","","GO:0043413","ath00510","0.6589927239658546","false","Direct","","107","","105","","Direct"
"328","473276","GO:0043413","M00055","Direct","","GO:0043413","M00055","0.350265352540785","false","Direct","","107","","111","","Direct"
"329","473275","GO:0043413","GO:1901137","Direct","","GO:0043413","GO:1901137","0.5417462378735982","false","Direct","","107","","103","","Direct"
"330","473274","GO:0043413","GO:1901135","Direct","","GO:0043413","GO:1901135","0.40434184646806476","false","Direct","","107","","127","","Direct"
"331","473273","GO:0043413","GO:0070085","Direct","","GO:0043413","GO:0070085","0.963081032180278","false","Direct","","107","","104","","Direct"
"332","472812","GO:0006486","ath00510","Direct","","GO:0006486","ath00510","0.6589927239658546","false","Direct","","106","","105","","Direct"
"333","472811","GO:0006486","M00055","Direct","","GO:0006486","M00055","0.350265352540785","false","Direct","","106","","111","","Direct"
"334","472810","GO:0006486","GO:1901137","Direct","","GO:0006486","GO:1901137","0.5417462378735982","false","Direct","","106","","103","","Direct"
"335","472809","GO:0006486","GO:1901135","Direct","","GO:0006486","GO:1901135","0.40434184646806476","false","Direct","","106","","127","","Direct"
"336","472808","GO:0006486","GO:0070085","Direct","","GO:0006486","GO:0070085","0.963081032180278","false","Direct","","106","","104","","Direct"
"337","472807","GO:0006486","GO:0043413","Direct","","GO:0006486","GO:0043413","1.0","false","Direct","","106","","107","","Direct"
"338","472806","GO:0006486","GO:0009101","Direct","","GO:0006486","GO:0009101","1.0","false","Direct","","106","","108","","Direct"
"339","472805","GO:0006486","GO:0009100","Direct","","GO:0006486","GO:0009100","0.9905244186946565","false","Direct","","106","","109","","Direct"
"340","472804","GO:0006486","GO:0006487","Direct","","GO:0006486","GO:0006487","0.625442707941345","false","Direct","","106","","110","","Direct"
"341","473343","GO:0070085","ath00510","Direct","","GO:0070085","ath00510","0.627775666431835","false","Direct","","104","","105","","Direct"
"342","473342","GO:0070085","M00055","Direct","","GO:0070085","M00055","0.32972226382536035","false","Direct","","104","","111","","Direct"
"343","473341","GO:0070085","GO:1901137","Direct","","GO:0070085","GO:1901137","0.5392703540710613","false","Direct","","104","","103","","Direct"
"344","473340","GO:0070085","GO:1901135","Direct","","GO:0070085","GO:1901135","0.40367668883928887","false","Direct","","104","","127","","Direct"
"345","473358","GO:1901137","ath00510","Direct","","GO:1901137","ath00510","0.313595926657362","false","Direct","","103","","105","","Direct"
"346","473357","GO:1901137","GO:1903509","Direct","","GO:1901137","GO:1903509","0.36702123987916163","false","Direct","","103","","69","","Direct"
"347","472870","GO:0006612","GO:0072657","Direct","","GO:0006612","GO:0072657","0.9293506636257882","false","Direct","","101","","102","","Direct"
"348","472869","GO:0006612","GO:0043543","Direct","","GO:0006612","GO:0043543","0.8137541351753301","false","Direct","","101","","100","","Direct"
"349","472868","GO:0006612","GO:0042158","Direct","","GO:0006612","GO:0042158","0.6090685156469945","false","Direct","","101","","95","","Direct"
"350","472867","GO:0006612","GO:0042157","Direct","","GO:0006612","GO:0042157","0.5995471047056953","false","Direct","","101","","135","","Direct"
"351","472866","GO:0006612","GO:0018345","Direct","","GO:0006612","GO:0018345","0.9753146873290351","false","Direct","","101","","96","","Direct"
"352","472865","GO:0006612","GO:0018231","Direct","","GO:0006612","GO:0018231","1.0","false","Direct","","101","","98","","Direct"
"353","472864","GO:0006612","GO:0018230","Direct","","GO:0006612","GO:0018230","1.0","false","Direct","","101","","97","","Direct"
"354","472863","GO:0006612","GO:0018198","Direct","","GO:0006612","GO:0018198","1.0","false","Direct","","101","","99","","Direct"
"355","473278","GO:0043543","GO:0072657","Direct","","GO:0043543","GO:0072657","0.7657243091787607","false","Direct","","100","","102","","Direct"
"356","473160","GO:0018198","GO:0072657","Direct","","GO:0018198","GO:0072657","0.9293506636257882","false","Direct","","99","","102","","Direct"
"357","473159","GO:0018198","GO:0043543","Direct","","GO:0018198","GO:0043543","0.8137541351753301","false","Direct","","99","","100","","Direct"
"358","473158","GO:0018198","GO:0042158","Direct","","GO:0018198","GO:0042158","0.6090685156469945","false","Direct","","99","","95","","Direct"
"359","473157","GO:0018198","GO:0042157","Direct","","GO:0018198","GO:0042157","0.5995471047056953","false","Direct","","99","","135","","Direct"
"360","473156","GO:0018198","GO:0018345","Direct","","GO:0018198","GO:0018345","0.9753146873290351","false","Direct","","99","","96","","Direct"
"361","473155","GO:0018198","GO:0018231","Direct","","GO:0018198","GO:0018231","1.0","false","Direct","","99","","98","","Direct"
"362","473154","GO:0018198","GO:0018230","Direct","","GO:0018198","GO:0018230","1.0","false","Direct","","99","","97","","Direct"
"363","473171","GO:0018231","GO:0072657","Direct","","GO:0018231","GO:0072657","0.9293506636257882","false","Direct","","98","","102","","Direct"
"364","473170","GO:0018231","GO:0043543","Direct","","GO:0018231","GO:0043543","0.8137541351753301","false","Direct","","98","","100","","Direct"
"365","473169","GO:0018231","GO:0042158","Direct","","GO:0018231","GO:0042158","0.6090685156469945","false","Direct","","98","","95","","Direct"
"366","473168","GO:0018231","GO:0042157","Direct","","GO:0018231","GO:0042157","0.5995471047056953","false","Direct","","98","","135","","Direct"
"367","473167","GO:0018231","GO:0018345","Direct","","GO:0018231","GO:0018345","0.9753146873290351","false","Direct","","98","","96","","Direct"
"368","473166","GO:0018230","GO:0072657","Direct","","GO:0018230","GO:0072657","0.9293506636257882","false","Direct","","97","","102","","Direct"
"369","473165","GO:0018230","GO:0043543","Direct","","GO:0018230","GO:0043543","0.8137541351753301","false","Direct","","97","","100","","Direct"
"370","473164","GO:0018230","GO:0042158","Direct","","GO:0018230","GO:0042158","0.6090685156469945","false","Direct","","97","","95","","Direct"
"371","473163","GO:0018230","GO:0042157","Direct","","GO:0018230","GO:0042157","0.5995471047056953","false","Direct","","97","","135","","Direct"
"372","473162","GO:0018230","GO:0018345","Direct","","GO:0018230","GO:0018345","0.9753146873290351","false","Direct","","97","","96","","Direct"
"373","473161","GO:0018230","GO:0018231","Direct","","GO:0018230","GO:0018231","1.0","false","Direct","","97","","98","","Direct"
"374","473175","GO:0018345","GO:0072657","Direct","","GO:0018345","GO:0072657","0.9079113498994734","false","Direct","","96","","102","","Direct"
"375","473174","GO:0018345","GO:0043543","Direct","","GO:0018345","GO:0043543","0.837693236429391","false","Direct","","96","","100","","Direct"
"376","473173","GO:0018345","GO:0042158","Direct","","GO:0018345","GO:0042158","0.6301850153735676","false","Direct","","96","","95","","Direct"
"377","473172","GO:0018345","GO:0042157","Direct","","GO:0018345","GO:0042157","0.6204807539020515","false","Direct","","96","","135","","Direct"
"378","473265","GO:0042158","ath00563","Direct","","GO:0042158","ath00563","0.4920823069665231","false","Direct","","95","","73","","Direct"
"379","473264","GO:0042158","GO:1903509","Direct","","GO:0042158","GO:1903509","0.37544637001054615","false","Direct","","95","","69","","Direct"
"380","473263","GO:0042158","GO:0072657","Direct","","GO:0042158","GO:0072657","0.61073356510252","false","Direct","","95","","102","","Direct"
"381","473262","GO:0042158","GO:0046467","Direct","","GO:0042158","GO:0046467","0.30684672982021616","false","Direct","","95","","68","","Direct"
"382","473261","GO:0042158","GO:0043543","Direct","","GO:0042158","GO:0043543","0.6412667235527302","false","Direct","","95","","100","","Direct"
"383","472835","GO:0006497","ath00563","Direct","","GO:0006497","ath00563","0.4920823069665231","false","Direct","","94","","73","","Direct"
"384","472834","GO:0006497","GO:1903509","Direct","","GO:0006497","GO:1903509","0.37544637001054615","false","Direct","","94","","69","","Direct"
"385","472833","GO:0006497","GO:0072657","Direct","","GO:0006497","GO:0072657","0.61073356510252","false","Direct","","94","","102","","Direct"
"386","472832","GO:0006497","GO:0046467","Direct","","GO:0006497","GO:0046467","0.30684672982021616","false","Direct","","94","","68","","Direct"
"387","472831","GO:0006497","GO:0043543","Direct","","GO:0006497","GO:0043543","0.6412667235527302","false","Direct","","94","","100","","Direct"
"388","472830","GO:0006497","GO:0042158","Direct","","GO:0006497","GO:0042158","1.0","false","Direct","","94","","95","","Direct"
"389","472829","GO:0006497","GO:0042157","Direct","","GO:0006497","GO:0042157","0.9887113558228192","false","Direct","","94","","135","","Direct"
"390","472828","GO:0006497","GO:0018345","Direct","","GO:0006497","GO:0018345","0.6301850153735676","false","Direct","","94","","96","","Direct"
"391","472827","GO:0006497","GO:0018231","Direct","","GO:0006497","GO:0018231","0.6090685156469945","false","Direct","","94","","98","","Direct"
"392","472826","GO:0006497","GO:0018230","Direct","","GO:0006497","GO:0018230","0.6090685156469945","false","Direct","","94","","97","","Direct"
"393","472825","GO:0006497","GO:0018198","Direct","","GO:0006497","GO:0018198","0.6090685156469945","false","Direct","","94","","99","","Direct"
"394","472824","GO:0006497","GO:0009247","Direct","","GO:0006497","GO:0009247","0.3968574532221308","false","Direct","","94","","71","","Direct"
"395","472823","GO:0006497","GO:0006664","Direct","","GO:0006497","GO:0006664","0.3806068115116176","false","Direct","","94","","70","","Direct"
"396","472822","GO:0006497","GO:0006661","Direct","","GO:0006497","GO:0006661","0.420507784200564","false","Direct","","94","","72","","Direct"
"397","472821","GO:0006497","GO:0006612","Direct","","GO:0006497","GO:0006612","0.6090685156469945","false","Direct","","94","","101","","Direct"
"398","472820","GO:0006497","GO:0006506","Direct","","GO:0006497","GO:0006506","0.5179510056838319","false","Direct","","94","","75","","Direct"
"399","472819","GO:0006497","GO:0006505","Direct","","GO:0006497","GO:0006505","0.5179510056838319","false","Direct","","94","","74","","Direct"
"400","473110","GO:0016101","ath00904","Direct","","GO:0016101","ath00904","0.8137181499822721","false","Direct","","93","","91","","Direct"
"401","473109","GO:0016101","GO:0042446","Direct","","GO:0016101","GO:0042446","0.4150633575029938","false","Direct","","93","","130","","Direct"
"402","473108","GO:0016101","GO:0042445","Direct","","GO:0016101","GO:0042445","0.38099852018931923","false","Direct","","93","","87","","Direct"
"403","473107","GO:0016101","GO:0016114","Direct","","GO:0016101","GO:0016114","0.35277216831712443","false","Direct","","93","","13","","Direct"
"404","473106","GO:0016101","GO:0016102","Direct","","GO:0016101","GO:0016102","0.9815218094396512","false","Direct","","93","","92","","Direct"
"405","473114","GO:0016102","ath00904","Direct","","GO:0016102","ath00904","0.8310039685477698","false","Direct","","92","","91","","Direct"
"406","473113","GO:0016102","GO:0042446","Direct","","GO:0016102","GO:0042446","0.4191509932327619","false","Direct","","92","","130","","Direct"
"407","473112","GO:0016102","GO:0042445","Direct","","GO:0016102","GO:0042445","0.3692886086953608","false","Direct","","92","","87","","Direct"
"408","473111","GO:0016102","GO:0016114","Direct","","GO:0016102","GO:0016114","0.3558998670294207","false","Direct","","92","","13","","Direct"
"409","473064","GO:0009686","ath00904","Direct","","GO:0009686","ath00904","0.8058792439538077","false","Direct","","90","","91","","Direct"
"410","473063","GO:0009686","GO:0042446","Direct","","GO:0009686","GO:0042446","0.42330136092049797","false","Direct","","90","","130","","Direct"
"411","473062","GO:0009686","GO:0042445","Direct","","GO:0009686","GO:0042445","0.37272159243107855","false","Direct","","90","","87","","Direct"
"412","473061","GO:0009686","GO:0016114","Direct","","GO:0009686","GO:0016114","0.34482300149622913","false","Direct","","90","","13","","Direct"
"413","473060","GO:0009686","GO:0016102","Direct","","GO:0009686","GO:0016102","0.9808358863123424","false","Direct","","90","","92","","Direct"
"414","473059","GO:0009686","GO:0016101","Direct","","GO:0009686","GO:0016101","0.9623710208562728","false","Direct","","90","","93","","Direct"
"415","473058","GO:0009686","GO:0010817","Direct","","GO:0009686","GO:0010817","0.3422436061438495","false","Direct","","90","","88","","Direct"
"416","473057","GO:0009685","ath00904","Direct","","GO:0009685","ath00904","0.7887549606847123","false","Direct","","89","","91","","Direct"
"417","473056","GO:0009685","GO:0042446","Direct","","GO:0009685","GO:0042446","0.4191509932327619","false","Direct","","89","","130","","Direct"
"418","473055","GO:0009685","GO:0042445","Direct","","GO:0009685","GO:0042445","0.38448647354607496","false","Direct","","89","","87","","Direct"
"419","473054","GO:0009685","GO:0016114","Direct","","GO:0009685","GO:0016114","0.34174382015094645","false","Direct","","89","","13","","Direct"
"420","473053","GO:0009685","GO:0016102","Direct","","GO:0009685","GO:0016102","0.9623701947354107","false","Direct","","89","","92","","Direct"
"421","473052","GO:0009685","GO:0016101","Direct","","GO:0009685","GO:0016101","0.9815218094396512","false","Direct","","89","","93","","Direct"
"422","473051","GO:0009685","GO:0010817","Direct","","GO:0009685","GO:0010817","0.3532552969842706","false","Direct","","89","","88","","Direct"
"423","473050","GO:0009685","GO:0009686","Direct","","GO:0009685","GO:0009686","0.9808358863123424","false","Direct","","89","","90","","Direct"
"424","473087","GO:0010817","GO:0042446","Direct","","GO:0010817","GO:0042446","0.8694034005990681","false","Direct","","88","","130","","Direct"
"425","473086","GO:0010817","GO:0042445","Direct","","GO:0010817","GO:0042445","0.9481140642974151","false","Direct","","88","","87","","Direct"
"426","473085","GO:0010817","GO:0016102","Direct","","GO:0010817","GO:0016102","0.3391956295274069","false","Direct","","88","","92","","Direct"
"427","473084","GO:0010817","GO:0016101","Direct","","GO:0010817","GO:0016101","0.35015940055652156","false","Direct","","88","","93","","Direct"
"428","473270","GO:0042445","GO:0046394","Direct","","GO:0042445","GO:0046394","0.31268013110453174","false","Direct","","87","","19","","Direct"
"429","473269","GO:0042445","GO:0042446","Direct","","GO:0042445","GO:0042446","0.9207523441401539","false","Direct","","87","","130","","Direct"
"430","473339","GO:0051761","GO:0051762","Direct","","GO:0051761","GO:0051762","1.0","false","Direct","","85","","86","","Direct"
"431","473307","GO:0046246","GO:0051762","Direct","","GO:0046246","GO:0051762","0.7968712965161375","false","Direct","","84","","86","","Direct"
"432","473306","GO:0046246","GO:0051761","Direct","","GO:0046246","GO:0051761","0.7968712965161375","false","Direct","","84","","85","","Direct"
"433","473351","GO:0072527","ath00561","Direct","","GO:0072527","ath00561","0.35950345431114017","false","Direct","","83","","122","","Direct"
"434","473350","GO:0072527","GO:0072528","Direct","","GO:0072527","GO:0072528","1.0","false","Direct","","83","","82","","Direct"
"435","473352","GO:0072528","ath00561","Direct","","GO:0072528","ath00561","0.35950345431114017","false","Direct","","82","","122","","Direct"
"436","472803","GO:0006221","ath00561","Direct","","GO:0006221","ath00561","0.3657606986263279","false","Direct","","81","","122","","Direct"
"437","472802","GO:0006221","GO:0072528","Direct","","GO:0006221","GO:0072528","0.9711340900671115","false","Direct","","81","","82","","Direct"
"438","472801","GO:0006221","GO:0072527","Direct","","GO:0006221","GO:0072527","0.9711340900671115","false","Direct","","81","","83","","Direct"
"439","472800","GO:0006221","GO:0046474","Direct","","GO:0006221","GO:0046474","0.360344802354123","false","Direct","","81","","7","","Direct"
"440","472799","GO:0006221","GO:0046341","Direct","","GO:0006221","GO:0046341","0.9369133939418235","false","Direct","","81","","78","","Direct"
"441","472798","GO:0006221","GO:0016024","Direct","","GO:0006221","GO:0016024","0.9369133939418235","false","Direct","","81","","77","","Direct"
"442","472797","GO:0006221","GO:0010143","Direct","","GO:0006221","GO:0010143","0.3691339394182348","false","Direct","","81","","79","","Direct"
"443","472796","GO:0006220","ath00561","Direct","","GO:0006220","ath00561","0.3657606986263279","false","Direct","","80","","122","","Direct"
"444","472795","GO:0006220","GO:0072528","Direct","","GO:0006220","GO:0072528","0.9711340900671115","false","Direct","","80","","82","","Direct"
"445","472794","GO:0006220","GO:0072527","Direct","","GO:0006220","GO:0072527","0.9711340900671115","false","Direct","","80","","83","","Direct"
"446","472793","GO:0006220","GO:0046474","Direct","","GO:0006220","GO:0046474","0.360344802354123","false","Direct","","80","","7","","Direct"
"447","472792","GO:0006220","GO:0046341","Direct","","GO:0006220","GO:0046341","0.9369133939418235","false","Direct","","80","","78","","Direct"
"448","472791","GO:0006220","GO:0016024","Direct","","GO:0006220","GO:0016024","0.9369133939418235","false","Direct","","80","","77","","Direct"
"449","472790","GO:0006220","GO:0010143","Direct","","GO:0006220","GO:0010143","0.3691339394182348","false","Direct","","80","","79","","Direct"
"450","472789","GO:0006220","GO:0006221","Direct","","GO:0006220","GO:0006221","1.0","false","Direct","","80","","81","","Direct"
"451","473079","GO:0010143","GO:0072528","Direct","","GO:0010143","GO:0072528","0.3575024097695566","false","Direct","","79","","82","","Direct"
"452","473078","GO:0010143","GO:0072527","Direct","","GO:0010143","GO:0072527","0.3575024097695566","false","Direct","","79","","83","","Direct"
"453","473077","GO:0010143","GO:0046341","Direct","","GO:0010143","GO:0046341","0.3947027663351731","false","Direct","","79","","78","","Direct"
"454","473076","GO:0010143","GO:0016024","Direct","","GO:0010143","GO:0016024","0.3947027663351731","false","Direct","","79","","77","","Direct"
"455","473311","GO:0046341","ath00561","Direct","","GO:0046341","ath00561","0.3788552137186139","false","Direct","","78","","122","","Direct"
"456","473310","GO:0046341","GO:0072528","Direct","","GO:0046341","GO:0072528","0.9082146299670795","false","Direct","","78","","82","","Direct"
"457","473309","GO:0046341","GO:0072527","Direct","","GO:0046341","GO:0072527","0.9082146299670795","false","Direct","","78","","83","","Direct"
"458","473308","GO:0046341","GO:0046474","Direct","","GO:0046341","GO:0046474","0.3708254049121852","false","Direct","","78","","7","","Direct"
"459","473092","GO:0016024","ath00561","Direct","","GO:0016024","ath00561","0.3788552137186139","false","Direct","","77","","122","","Direct"
"460","473091","GO:0016024","GO:0072528","Direct","","GO:0016024","GO:0072528","0.9082146299670795","false","Direct","","77","","82","","Direct"
"461","473090","GO:0016024","GO:0072527","Direct","","GO:0016024","GO:0072527","0.9082146299670795","false","Direct","","77","","83","","Direct"
"462","473089","GO:0016024","GO:0046474","Direct","","GO:0016024","GO:0046474","0.3708254049121852","false","Direct","","77","","7","","Direct"
"463","473088","GO:0016024","GO:0046341","Direct","","GO:0016024","GO:0046341","1.0","false","Direct","","77","","78","","Direct"
"464","473364","M00065","ath00563","Direct","","M00065","ath00563","0.5356900988775924","false","Direct","","76","","73","","Direct"
"465","472862","GO:0006506","ath00563","Direct","","GO:0006506","ath00563","0.9134081034659467","false","Direct","","75","","73","","Direct"
"466","472861","GO:0006506","M00065","Direct","","GO:0006506","M00065","0.606459513242194","false","Direct","","75","","76","","Direct"
"467","472860","GO:0006506","GO:1903509","Direct","","GO:0006506","GO:1903509","0.5985411229345828","false","Direct","","75","","69","","Direct"
"468","472859","GO:0006506","GO:0046488","Direct","","GO:0006506","GO:0046488","0.4068109455039889","false","Direct","","75","","8","","Direct"
"469","472858","GO:0006506","GO:0046474","Direct","","GO:0006506","GO:0046474","0.3909026297093735","false","Direct","","75","","7","","Direct"
"470","472857","GO:0006506","GO:0046467","Direct","","GO:0006506","GO:0046467","0.4559663721377134","false","Direct","","75","","68","","Direct"
"471","472856","GO:0006506","GO:0045017","Direct","","GO:0006506","GO:0045017","0.30592626501002906","false","Direct","","75","","6","","Direct"
"472","472855","GO:0006506","GO:0042158","Direct","","GO:0006506","GO:0042158","0.5179510056838319","false","Direct","","75","","95","","Direct"
"473","472854","GO:0006506","GO:0042157","Direct","","GO:0006506","GO:0042157","0.5093324172686364","false","Direct","","75","","135","","Direct"
"474","472853","GO:0006506","GO:0009247","Direct","","GO:0006506","GO:0009247","0.6486434342223591","false","Direct","","75","","71","","Direct"
"475","472852","GO:0006506","GO:0006664","Direct","","GO:0006506","GO:0006664","0.6103482768035229","false","Direct","","75","","70","","Direct"
"476","472851","GO:0006506","GO:0006661","Direct","","GO:0006506","GO:0006661","0.707592976562953","false","Direct","","75","","72","","Direct"
"477","472850","GO:0006506","GO:0006643","Direct","","GO:0006506","GO:0006643","0.3714527503533697","false","Direct","","75","","136","","Direct"
"478","472849","GO:0006505","ath00563","Direct","","GO:0006505","ath00563","0.9134081034659467","false","Direct","","74","","73","","Direct"
"479","472848","GO:0006505","M00065","Direct","","GO:0006505","M00065","0.606459513242194","false","Direct","","74","","76","","Direct"
"480","472847","GO:0006505","GO:1903509","Direct","","GO:0006505","GO:1903509","0.5985411229345828","false","Direct","","74","","69","","Direct"
"481","472846","GO:0006505","GO:0046488","Direct","","GO:0006505","GO:0046488","0.4068109455039889","false","Direct","","74","","8","","Direct"
"482","472845","GO:0006505","GO:0046474","Direct","","GO:0006505","GO:0046474","0.3909026297093735","false","Direct","","74","","7","","Direct"
"483","472844","GO:0006505","GO:0046467","Direct","","GO:0006505","GO:0046467","0.4559663721377134","false","Direct","","74","","68","","Direct"
"484","472843","GO:0006505","GO:0045017","Direct","","GO:0006505","GO:0045017","0.30592626501002906","false","Direct","","74","","6","","Direct"
"485","472842","GO:0006505","GO:0042158","Direct","","GO:0006505","GO:0042158","0.5179510056838319","false","Direct","","74","","95","","Direct"
"486","472841","GO:0006505","GO:0042157","Direct","","GO:0006505","GO:0042157","0.5093324172686364","false","Direct","","74","","135","","Direct"
"487","472840","GO:0006505","GO:0009247","Direct","","GO:0006505","GO:0009247","0.6486434342223591","false","Direct","","74","","71","","Direct"
"488","472839","GO:0006505","GO:0006664","Direct","","GO:0006505","GO:0006664","0.6103482768035229","false","Direct","","74","","70","","Direct"
"489","472838","GO:0006505","GO:0006661","Direct","","GO:0006505","GO:0006661","0.707592976562953","false","Direct","","74","","72","","Direct"
"490","472837","GO:0006505","GO:0006643","Direct","","GO:0006505","GO:0006643","0.3714527503533697","false","Direct","","74","","136","","Direct"
"491","472836","GO:0006505","GO:0006506","Direct","","GO:0006505","GO:0006506","1.0","false","Direct","","74","","75","","Direct"
"492","472931","GO:0006661","ath00563","Direct","","GO:0006661","ath00563","0.6621411851676473","false","Direct","","72","","73","","Direct"
"493","472930","GO:0006661","M00065","Direct","","GO:0006661","M00065","0.3848412672535076","false","Direct","","72","","76","","Direct"
"494","472929","GO:0006661","GO:1903509","Direct","","GO:0006661","GO:1903509","0.4748869145244105","false","Direct","","72","","69","","Direct"
"495","472928","GO:0006661","GO:0046488","Direct","","GO:0006661","GO:0046488","0.6360982471043536","false","Direct","","72","","8","","Direct"
"496","472927","GO:0006661","GO:0046486","Direct","","GO:0006661","GO:0046486","0.3221516797201865","false","Direct","","72","","1","","Direct"
"497","472926","GO:0006661","GO:0046474","Direct","","GO:0006661","GO:0046474","0.6146830239582892","false","Direct","","72","","7","","Direct"
"498","472925","GO:0006661","GO:0046467","Direct","","GO:0006661","GO:0046467","0.3766093952318761","false","Direct","","72","","68","","Direct"
"499","472924","GO:0006661","GO:0045017","Direct","","GO:0006661","GO:0045017","0.4960570390520426","false","Direct","","72","","6","","Direct"
"500","472923","GO:0006661","GO:0042158","Direct","","GO:0006661","GO:0042158","0.420507784200564","false","Direct","","72","","95","","Direct"
"501","472922","GO:0006661","GO:0042157","Direct","","GO:0006661","GO:0042157","0.414515180884482","false","Direct","","72","","135","","Direct"
"502","472921","GO:0006661","GO:0009247","Direct","","GO:0006661","GO:0009247","0.507254154130023","false","Direct","","72","","71","","Direct"
"503","472920","GO:0006661","GO:0008654","Direct","","GO:0006661","GO:0008654","0.3833053490049947","false","Direct","","72","","3","","Direct"
"504","472919","GO:0006661","GO:0006664","Direct","","GO:0006661","GO:0006664","0.4826110023608115","false","Direct","","72","","70","","Direct"
"505","473047","GO:0009247","ath00563","Direct","","GO:0009247","ath00563","0.6098959874373174","false","Direct","","71","","73","","Direct"
"506","473046","GO:0009247","M00065","Direct","","GO:0009247","M00065","0.34559017886152704","false","Direct","","71","","76","","Direct"
"507","473045","GO:0009247","GO:1903509","Direct","","GO:0009247","GO:1903509","0.9416699280233627","false","Direct","","71","","69","","Direct"
"508","473044","GO:0009247","GO:1901137","Direct","","GO:0009247","GO:1901137","0.3662715767682511","false","Direct","","71","","103","","Direct"
"509","473043","GO:0009247","GO:0046488","Direct","","GO:0009247","GO:0046488","0.3235215481578459","false","Direct","","71","","8","","Direct"
"510","473042","GO:0009247","GO:0046474","Direct","","GO:0009247","GO:0046474","0.3335843094666192","false","Direct","","71","","7","","Direct"
"511","473041","GO:0009247","GO:0046467","Direct","","GO:0009247","GO:0046467","0.7617889455619696","false","Direct","","71","","68","","Direct"
"512","473040","GO:0009247","GO:0045017","Direct","","GO:0009247","GO:0045017","0.30269220207341024","false","Direct","","71","","6","","Direct"
"513","473039","GO:0009247","GO:0042158","Direct","","GO:0009247","GO:0042158","0.3968574532221308","false","Direct","","71","","95","","Direct"
"514","473038","GO:0009247","GO:0042157","Direct","","GO:0009247","GO:0042157","0.3914179950147644","false","Direct","","71","","135","","Direct"
"515","472942","GO:0006664","ath00563","Direct","","GO:0006664","ath00563","0.5756603732973754","false","Direct","","70","","73","","Direct"
"516","472941","GO:0006664","M00065","Direct","","GO:0006664","M00065","0.3209377305406758","false","Direct","","70","","76","","Direct"
"517","472940","GO:0006664","GO:1903509","Direct","","GO:0006664","GO:1903509","0.9860033644188407","false","Direct","","70","","69","","Direct"
"518","472939","GO:0006664","GO:1901137","Direct","","GO:0006664","GO:1901137","0.3579188345477283","false","Direct","","70","","103","","Direct"
"519","472938","GO:0006664","GO:0046488","Direct","","GO:0006664","GO:0046488","0.31171462814993894","false","Direct","","70","","8","","Direct"
"520","472937","GO:0006664","GO:0046474","Direct","","GO:0006664","GO:0046474","0.3217660319446747","false","Direct","","70","","7","","Direct"
"521","472936","GO:0006664","GO:0046467","Direct","","GO:0006664","GO:0046467","0.7349425132794021","false","Direct","","70","","68","","Direct"
"522","472935","GO:0006664","GO:0042158","Direct","","GO:0006664","GO:0042158","0.3806068115116176","false","Direct","","70","","95","","Direct"
"523","472934","GO:0006664","GO:0042157","Direct","","GO:0006664","GO:0042157","0.37552828703916696","false","Direct","","70","","135","","Direct"
"524","472933","GO:0006664","GO:0009247","Direct","","GO:0006664","GO:0009247","0.9556303391147434","false","Direct","","70","","71","","Direct"
"525","472932","GO:0006664","GO:0008654","Direct","","GO:0006664","GO:0008654","0.3067222891953195","false","Direct","","70","","3","","Direct"
"526","473362","GO:1903509","ath00563","Direct","","GO:1903509","ath00563","0.5650574129297998","false","Direct","","69","","73","","Direct"
"527","473361","GO:1903509","M00065","Direct","","GO:1903509","M00065","0.31346631418886406","false","Direct","","69","","76","","Direct"
"528","473315","GO:0046467","ath00563","Direct","","GO:0046467","ath00563","0.4352274412252396","false","Direct","","68","","73","","Direct"
"529","473314","GO:0046467","GO:1903509","Direct","","GO:0046467","GO:1903509","0.7263765648076128","false","Direct","","68","","69","","Direct"
"530","473313","GO:0046467","GO:1901137","Direct","","GO:0046467","GO:1901137","0.3149392797993177","false","Direct","","68","","103","","Direct"
"531","473369","M00086","ath_M00086","Direct","","M00086","ath_M00086","1.0","false","Direct","","66","","67","","Direct"
"532","473368","M00086","ath04146","Direct","","M00086","ath04146","0.3366995300848958","false","Direct","","66","","36","","Direct"
"533","473367","M00086","ath01212","Direct","","M00086","ath01212","0.3114112317302169","false","Direct","","66","","121","","Direct"
"534","473366","M00086","ath00071","Direct","","M00086","ath00071","0.5192550416526305","false","Direct","","66","","39","","Direct"
"535","473365","M00086","ath00061","Direct","","M00086","ath00061","0.4628037008260682","false","Direct","","66","","65","","Direct"
"536","473372","ath00061","ath_M00086","Direct","","ath00061","ath_M00086","0.4628037008260682","false","Direct","","65","","67","","Direct"
"537","473371","ath00061","ath01212","Direct","","ath00061","ath01212","0.7160443481588418","false","Direct","","65","","121","","Direct"
"538","473370","ath00061","ath00071","Direct","","ath00061","ath00071","0.3150453794657236","false","Direct","","65","","39","","Direct"
"539","473335","GO:0046854","ath04070","Direct","","GO:0046854","ath04070","0.3193010325664734","false","Direct","","64","","62","","Direct"
"540","473334","GO:0046854","ath00562","Direct","","GO:0046854","ath00562","0.3147618057674946","false","Direct","","64","","124","","Direct"
"541","473333","GO:0046854","GO:0048015","Direct","","GO:0046854","GO:0048015","0.31640521138217925","false","Direct","","64","","51","","Direct"
"542","473332","GO:0046834","ath04070","Direct","","GO:0046834","ath04070","0.46504369538145607","false","Direct","","63","","62","","Direct"
"543","473331","GO:0046834","GO:0046854","Direct","","GO:0046834","GO:0046854","0.8088211861441212","false","Direct","","63","","64","","Direct"
"544","473236","GO:0033385","ath00900","Direct","","GO:0033385","ath00900","0.3210745911317754","false","Direct","","61","","125","","Direct"
"545","473235","GO:0033385","GO:0045338","Direct","","GO:0033385","GO:0045338","0.7311477981264664","false","Direct","","61","","57","","Direct"
"546","473234","GO:0033385","GO:0045337","Direct","","GO:0033385","GO:0045337","0.8450061039025765","false","Direct","","61","","58","","Direct"
"547","473233","GO:0033384","ath00900","Direct","","GO:0033384","ath00900","0.369043746255527","false","Direct","","60","","125","","Direct"
"548","473232","GO:0033384","GO:0045338","Direct","","GO:0033384","GO:0045338","0.810795893587085","false","Direct","","60","","57","","Direct"
"549","473231","GO:0033384","GO:0045337","Direct","","GO:0033384","GO:0045337","0.9279862190666848","false","Direct","","60","","58","","Direct"
"550","473230","GO:0033384","GO:0033385","Direct","","GO:0033384","GO:0033385","0.9160832313345015","false","Direct","","60","","61","","Direct"
"551","473229","GO:0033383","ath00900","Direct","","GO:0033383","ath00900","0.369043746255527","false","Direct","","59","","125","","Direct"
"552","473228","GO:0033383","GO:0045338","Direct","","GO:0033383","GO:0045338","0.810795893587085","false","Direct","","59","","57","","Direct"
"553","473227","GO:0033383","GO:0045337","Direct","","GO:0033383","GO:0045337","0.9279862190666848","false","Direct","","59","","58","","Direct"
"554","473226","GO:0033383","GO:0033385","Direct","","GO:0033383","GO:0033385","0.9160832313345015","false","Direct","","59","","61","","Direct"
"555","473225","GO:0033383","GO:0033384","Direct","","GO:0033383","GO:0033384","1.0","false","Direct","","59","","60","","Direct"
"556","473296","GO:0045337","ath00900","Direct","","GO:0045337","ath00900","0.41445164730865086","false","Direct","","58","","125","","Direct"
"557","473295","GO:0045337","GO:0045338","Direct","","GO:0045337","GO:0045338","0.8811908640352887","false","Direct","","58","","57","","Direct"
"558","473297","GO:0045338","ath00900","Direct","","GO:0045338","ath00900","0.41701602569252155","false","Direct","","57","","125","","Direct"
"559","473146","GO:0016117","GO:0045338","Direct","","GO:0016117","GO:0045338","0.43219516812305925","false","Direct","","56","","57","","Direct"
"560","473145","GO:0016117","GO:0045337","Direct","","GO:0016117","GO:0045337","0.47203326744988816","false","Direct","","56","","58","","Direct"
"561","473144","GO:0016117","GO:0033385","Direct","","GO:0016117","GO:0033385","0.5192550416526305","false","Direct","","56","","61","","Direct"
"562","473143","GO:0016117","GO:0033384","Direct","","GO:0016117","GO:0033384","0.49459857928007783","false","Direct","","56","","60","","Direct"
"563","473142","GO:0016117","GO:0033383","Direct","","GO:0016117","GO:0033383","0.49459857928007783","false","Direct","","56","","59","","Direct"
"564","473131","GO:0016109","GO:0045338","Direct","","GO:0016109","GO:0045338","0.43219516812305925","false","Direct","","55","","57","","Direct"
"565","473130","GO:0016109","GO:0045337","Direct","","GO:0016109","GO:0045337","0.47203326744988816","false","Direct","","55","","58","","Direct"
"566","473129","GO:0016109","GO:0033385","Direct","","GO:0016109","GO:0033385","0.5192550416526305","false","Direct","","55","","61","","Direct"
"567","473128","GO:0016109","GO:0033384","Direct","","GO:0016109","GO:0033384","0.49459857928007783","false","Direct","","55","","60","","Direct"
"568","473127","GO:0016109","GO:0033383","Direct","","GO:0016109","GO:0033383","0.49459857928007783","false","Direct","","55","","59","","Direct"
"569","473126","GO:0016109","GO:0016117","Direct","","GO:0016109","GO:0016117","1.0","false","Direct","","55","","56","","Direct"
"570","473125","GO:0016109","GO:0016116","Direct","","GO:0016109","GO:0016116","0.9238939310517471","false","Direct","","55","","54","","Direct"
"571","473124","GO:0016109","GO:0016114","Direct","","GO:0016109","GO:0016114","0.39888741081188006","false","Direct","","55","","13","","Direct"
"572","473141","GO:0016116","GO:0045338","Direct","","GO:0016116","GO:0045338","0.39116488342666905","false","Direct","","54","","57","","Direct"
"573","473140","GO:0016116","GO:0045337","Direct","","GO:0016116","GO:0045337","0.4242592721303153","false","Direct","","54","","58","","Direct"
"574","473139","GO:0016116","GO:0033385","Direct","","GO:0016116","GO:0033385","0.4628037008260682","false","Direct","","54","","61","","Direct"
"575","473138","GO:0016116","GO:0033384","Direct","","GO:0016116","GO:0033384","0.4427694160155994","false","Direct","","54","","60","","Direct"
"576","473137","GO:0016116","GO:0033383","Direct","","GO:0016116","GO:0033383","0.4427694160155994","false","Direct","","54","","59","","Direct"
"577","473136","GO:0016116","GO:0016117","Direct","","GO:0016116","GO:0016117","0.9238939310517471","false","Direct","","54","","56","","Direct"
"578","473123","GO:0016108","GO:0045338","Direct","","GO:0016108","GO:0045338","0.39116488342666905","false","Direct","","53","","57","","Direct"
"579","473122","GO:0016108","GO:0045337","Direct","","GO:0016108","GO:0045337","0.4242592721303153","false","Direct","","53","","58","","Direct"
"580","473121","GO:0016108","GO:0033385","Direct","","GO:0016108","GO:0033385","0.4628037008260682","false","Direct","","53","","61","","Direct"
"581","473120","GO:0016108","GO:0033384","Direct","","GO:0016108","GO:0033384","0.4427694160155994","false","Direct","","53","","60","","Direct"
"582","473119","GO:0016108","GO:0033383","Direct","","GO:0016108","GO:0033383","0.4427694160155994","false","Direct","","53","","59","","Direct"
"583","473118","GO:0016108","GO:0016117","Direct","","GO:0016108","GO:0016117","0.9238939310517471","false","Direct","","53","","56","","Direct"
"584","473117","GO:0016108","GO:0016116","Direct","","GO:0016108","GO:0016116","1.0","false","Direct","","53","","54","","Direct"
"585","473116","GO:0016108","GO:0016114","Direct","","GO:0016108","GO:0016114","0.4095670555081077","false","Direct","","53","","13","","Direct"
"586","473115","GO:0016108","GO:0016109","Direct","","GO:0016108","GO:0016109","0.9238939310517471","false","Direct","","53","","55","","Direct"
"587","473224","GO:0032959","GO:0048017","Direct","","GO:0032959","GO:0048017","0.5897201549390778","false","Direct","","52","","49","","Direct"
"588","473223","GO:0032959","GO:0048015","Direct","","GO:0032959","GO:0048015","0.6375640242484418","false","Direct","","52","","51","","Direct"
"589","473222","GO:0032959","GO:0046173","Direct","","GO:0032959","GO:0046173","0.48237276282049646","false","Direct","","52","","47","","Direct"
"590","473221","GO:0032959","GO:0043647","Direct","","GO:0032959","GO:0043647","0.43438836121692026","false","Direct","","52","","46","","Direct"
"591","473336","GO:0048015","GO:0048017","Direct","","GO:0048015","GO:0048017","0.9405892547662075","false","Direct","","51","","49","","Direct"
"592","473213","GO:0032957","GO:0048017","Direct","","GO:0032957","GO:0048017","0.4653032928958685","false","Direct","","50","","49","","Direct"
"593","473212","GO:0032957","GO:0048015","Direct","","GO:0032957","GO:0048015","0.49528857479546673","false","Direct","","50","","51","","Direct"
"594","473211","GO:0032957","GO:0046173","Direct","","GO:0032957","GO:0046173","0.4939881910908035","false","Direct","","50","","47","","Direct"
"595","473210","GO:0032957","GO:0043647","Direct","","GO:0032957","GO:0043647","0.6624655376139451","false","Direct","","50","","46","","Direct"
"596","473209","GO:0032957","GO:0032959","Direct","","GO:0032957","GO:0032959","0.7181053521932325","false","Direct","","50","","52","","Direct"
"597","473208","GO:0032957","GO:0032958","Direct","","GO:0032957","GO:0032958","0.5902527651176215","false","Direct","","50","","48","","Direct"
"598","473220","GO:0032958","ath00562","Direct","","GO:0032958","ath00562","0.3380371652241763","false","Direct","","48","","124","","Direct"
"599","473219","GO:0032958","GO:0048017","Direct","","GO:0032958","GO:0048017","0.403510364655808","false","Direct","","48","","49","","Direct"
"600","473218","GO:0032958","GO:0048015","Direct","","GO:0032958","GO:0048015","0.42635387116467016","false","Direct","","48","","51","","Direct"
"601","473217","GO:0032958","GO:0046173","Direct","","GO:0032958","GO:0046173","0.8551141166528783","false","Direct","","48","","47","","Direct"
"602","473216","GO:0032958","GO:0046165","Direct","","GO:0032958","GO:0046165","0.5300461545498072","false","Direct","","48","","45","","Direct"
"603","473215","GO:0032958","GO:0043647","Direct","","GO:0032958","GO:0043647","0.789336074549555","false","Direct","","48","","46","","Direct"
"604","473214","GO:0032958","GO:0032959","Direct","","GO:0032958","GO:0032959","0.5970377336324811","false","Direct","","48","","52","","Direct"
"605","473305","GO:0046173","ath04070","Direct","","GO:0046173","ath04070","0.31038597075472607","false","Direct","","47","","62","","Direct"
"606","473304","GO:0046173","ath00562","Direct","","GO:0046173","ath00562","0.3770008366830819","false","Direct","","47","","124","","Direct"
"607","473303","GO:0046173","GO:1901617","Direct","","GO:0046173","GO:1901617","0.36413446721122006","false","Direct","","47","","20","","Direct"
"608","473302","GO:0046173","GO:0048017","Direct","","GO:0046173","GO:0048017","0.339380235368123","false","Direct","","47","","49","","Direct"
"609","473301","GO:0046173","GO:0048015","Direct","","GO:0046173","GO:0048015","0.3559849704792045","false","Direct","","47","","51","","Direct"
"610","473284","GO:0043647","ath04070","Direct","","GO:0043647","ath04070","0.3396657544445172","false","Direct","","46","","62","","Direct"
"611","473283","GO:0043647","ath00562","Direct","","GO:0043647","ath00562","0.38060946924470856","false","Direct","","46","","124","","Direct"
"612","473282","GO:0043647","GO:0048017","Direct","","GO:0043647","GO:0048017","0.31073473056864803","false","Direct","","46","","49","","Direct"
"613","473281","GO:0043647","GO:0048015","Direct","","GO:0043647","GO:0048015","0.32493107522789033","false","Direct","","46","","51","","Direct"
"614","473280","GO:0043647","GO:0046173","Direct","","GO:0043647","GO:0046173","0.7625286992324505","false","Direct","","46","","47","","Direct"
"615","473279","GO:0043647","GO:0046165","Direct","","GO:0043647","GO:0046165","0.5050168571779664","false","Direct","","46","","45","","Direct"
"616","473300","GO:0046165","GO:1901617","Direct","","GO:0046165","GO:1901617","0.6311394039530411","false","Direct","","45","","20","","Direct"
"617","473299","GO:0046165","GO:1901615","Direct","","GO:0046165","GO:1901615","0.4833076640597882","false","Direct","","45","","137","","Direct"
"618","473298","GO:0046165","GO:0046173","Direct","","GO:0046165","GO:0046173","0.6511810692084087","false","Direct","","45","","47","","Direct"
"619","473197","GO:0019751","ath00562","Direct","","GO:0019751","ath00562","0.31862628682414895","false","Direct","","44","","124","","Direct"
"620","473196","GO:0019751","GO:1901615","Direct","","GO:0019751","GO:1901615","0.4899338753626681","false","Direct","","44","","137","","Direct"
"621","473195","GO:0019751","GO:0046173","Direct","","GO:0019751","GO:0046173","0.64330308832141","false","Direct","","44","","47","","Direct"
"622","473194","GO:0019751","GO:0046165","Direct","","GO:0019751","GO:0046165","0.4691492824076424","false","Direct","","44","","45","","Direct"
"623","473193","GO:0019751","GO:0043647","Direct","","GO:0019751","GO:0043647","0.703988096819956","false","Direct","","44","","46","","Direct"
"624","473192","GO:0019751","GO:0032958","Direct","","GO:0019751","GO:0032958","0.523065353087777","false","Direct","","44","","48","","Direct"
"625","473191","GO:0019751","GO:0032957","Direct","","GO:0019751","GO:0032957","0.4240038406152891","false","Direct","","44","","50","","Direct"
"626","473021","GO:0009062","ath04146","Direct","","GO:0009062","ath04146","0.4097879098799785","false","Direct","","43","","36","","Direct"
"627","473020","GO:0009062","ath00071","Direct","","GO:0009062","ath00071","0.4017056925612054","false","Direct","","43","","39","","Direct"
"628","473019","GO:0009062","GO:0046395","Direct","","GO:0009062","GO:0046395","0.6880557433314275","false","Direct","","43","","41","","Direct"
"629","473018","GO:0009062","GO:0044282","Direct","","GO:0009062","GO:0044282","0.5596848775479288","false","Direct","","43","","38","","Direct"
"630","473017","GO:0009062","GO:0044242","Direct","","GO:0009062","GO:0044242","0.6051782917169656","false","Direct","","43","","35","","Direct"
"631","473016","GO:0009062","GO:0034440","Direct","","GO:0009062","GO:0034440","0.850124803256218","false","Direct","","43","","37","","Direct"
"632","473015","GO:0009062","GO:0030258","Direct","","GO:0009062","GO:0030258","0.5248440004439638","false","Direct","","43","","134","","Direct"
"633","473014","GO:0009062","GO:0019395","Direct","","GO:0009062","GO:0019395","0.9843181028015398","false","Direct","","43","","42","","Direct"
"634","473013","GO:0009062","GO:0016054","Direct","","GO:0009062","GO:0016054","0.6880557433314275","false","Direct","","43","","40","","Direct"
"635","473182","GO:0019395","ath04146","Direct","","GO:0019395","ath04146","0.40447236390492397","false","Direct","","42","","36","","Direct"
"636","473181","GO:0019395","ath00071","Direct","","GO:0019395","ath00071","0.3949651648871691","false","Direct","","42","","39","","Direct"
"637","473180","GO:0019395","GO:0046395","Direct","","GO:0019395","GO:0046395","0.6802279950081369","false","Direct","","42","","41","","Direct"
"638","473179","GO:0019395","GO:0044282","Direct","","GO:0019395","GO:0044282","0.5542191696482862","false","Direct","","42","","38","","Direct"
"639","473178","GO:0019395","GO:0044242","Direct","","GO:0019395","GO:0044242","0.5989338994856055","false","Direct","","42","","35","","Direct"
"640","473177","GO:0019395","GO:0034440","Direct","","GO:0019395","GO:0034440","0.8654905592267123","false","Direct","","42","","37","","Direct"
"641","473176","GO:0019395","GO:0030258","Direct","","GO:0019395","GO:0030258","0.5370764937134483","false","Direct","","42","","134","","Direct"
"642","473105","GO:0016054","GO:0046395","Direct","","GO:0016054","GO:0046395","1.0","false","Direct","","40","","41","","Direct"
"643","473104","GO:0016054","GO:0044282","Direct","","GO:0016054","GO:0044282","0.8511894426116754","false","Direct","","40","","38","","Direct"
"644","473103","GO:0016054","GO:0044242","Direct","","GO:0016054","GO:0044242","0.5904194698727535","false","Direct","","40","","35","","Direct"
"645","473102","GO:0016054","GO:0034440","Direct","","GO:0016054","GO:0034440","0.609959038872617","false","Direct","","40","","37","","Direct"
"646","473101","GO:0016054","GO:0030258","Direct","","GO:0016054","GO:0030258","0.4109672985040493","false","Direct","","40","","134","","Direct"
"647","473100","GO:0016054","GO:0019395","Direct","","GO:0016054","GO:0019395","0.6802279950081369","false","Direct","","40","","42","","Direct"
"648","473375","ath00071","ath_M00086","Direct","","ath00071","ath_M00086","0.5192550416526305","false","Direct","","39","","67","","Direct"
"649","473374","ath00071","ath04146","Direct","","ath00071","ath04146","0.4883218423490483","false","Direct","","39","","36","","Direct"
"650","473373","ath00071","ath01212","Direct","","ath00071","ath01212","0.574232964082397","false","Direct","","39","","121","","Direct"
"651","473287","GO:0044282","GO:0046395","Direct","","GO:0044282","GO:0046395","0.8511894426116754","false","Direct","","38","","41","","Direct"
"652","473253","GO:0034440","ath04146","Direct","","GO:0034440","ath04146","0.3571937544542038","false","Direct","","37","","36","","Direct"
"653","473252","GO:0034440","ath00071","Direct","","GO:0034440","ath00071","0.3374244986720909","false","Direct","","37","","39","","Direct"
"654","473251","GO:0034440","GO:0046395","Direct","","GO:0034440","GO:0046395","0.609959038872617","false","Direct","","37","","41","","Direct"
"655","473250","GO:0034440","GO:0044282","Direct","","GO:0034440","GO:0044282","0.5041433348701343","false","Direct","","37","","38","","Direct"
"656","473249","GO:0034440","GO:0044242","Direct","","GO:0034440","GO:0044242","0.5421385097270995","false","Direct","","37","","35","","Direct"
"657","473381","ath04146","ath_M00086","Direct","","ath04146","ath_M00086","0.3366995300848958","false","Direct","","36","","67","","Direct"
"658","473286","GO:0044242","GO:0046395","Direct","","GO:0044242","GO:0046395","0.5904194698727535","false","Direct","","35","","41","","Direct"
"659","473285","GO:0044242","GO:0044282","Direct","","GO:0044242","GO:0044282","0.5457013429290539","false","Direct","","35","","38","","Direct"
"660","472981","GO:0006869","GO:0010876","Direct","","GO:0006869","GO:0010876","0.9083172416006925","false","Direct","","34","","133","","Direct"
"661","473346","GO:0071229","GO:1901701","Direct","","GO:0071229","GO:1901701","0.8251289888689165","false","Direct","","33","","32","","Direct"
"662","473345","GO:0071229","GO:0071396","Direct","","GO:0071229","GO:0071396","0.7869209661452212","false","Direct","","33","","30","","Direct"
"663","473344","GO:0071229","GO:0071370","Direct","","GO:0071229","GO:0071370","0.638389689100488","false","Direct","","33","","28","","Direct"
"664","473075","GO:0009740","GO:1901701","Direct","","GO:0009740","GO:1901701","0.47680639053032753","false","Direct","","31","","32","","Direct"
"665","473074","GO:0009740","GO:0071396","Direct","","GO:0009740","GO:0071396","0.543102848798354","false","Direct","","31","","30","","Direct"
"666","473073","GO:0009740","GO:0071370","Direct","","GO:0009740","GO:0071370","0.9747026005844887","false","Direct","","31","","28","","Direct"
"667","473072","GO:0009740","GO:0071229","Direct","","GO:0009740","GO:0071229","0.6165995604055737","false","Direct","","31","","33","","Direct"
"668","473071","GO:0009740","GO:0010476","Direct","","GO:0009740","GO:0010476","0.9914331697272083","false","Direct","","31","","29","","Direct"
"669","473349","GO:0071396","GO:1901701","Direct","","GO:0071396","GO:1901701","0.9128772179516546","false","Direct","","30","","32","","Direct"
"670","473083","GO:0010476","GO:1901701","Direct","","GO:0010476","GO:1901701","0.48305622148348587","false","Direct","","29","","32","","Direct"
"671","473082","GO:0010476","GO:0071396","Direct","","GO:0010476","GO:0071396","0.5499079466034813","false","Direct","","29","","30","","Direct"
"672","473081","GO:0010476","GO:0071370","Direct","","GO:0010476","GO:0071370","0.983265804247024","false","Direct","","29","","28","","Direct"
"673","473080","GO:0010476","GO:0071229","Direct","","GO:0010476","GO:0071229","0.6239311826848836","false","Direct","","29","","33","","Direct"
"674","473348","GO:0071370","GO:1901701","Direct","","GO:0071370","GO:1901701","0.49542552592394773","false","Direct","","28","","32","","Direct"
"675","473347","GO:0071370","GO:0071396","Direct","","GO:0071370","GO:0071396","0.5633533510040554","false","Direct","","28","","30","","Direct"
"676","473049","GO:0009395","ath00565","Direct","","GO:0009395","ath00565","0.4685930427247953","false","Direct","","27","","26","","Direct"
"677","473048","GO:0009395","GO:0046434","Direct","","GO:0009395","GO:0046434","0.42221473116571584","false","Direct","","27","","120","","Direct"
"678","473153","GO:0016126","ath00100","Direct","","GO:0016126","ath00100","0.7134471420880237","false","Direct","","24","","25","","Direct"
"679","473152","GO:0016126","GO:1901617","Direct","","GO:0016126","GO:1901617","0.4367709074980499","false","Direct","","24","","20","","Direct"
"680","473151","GO:0016126","GO:1901615","Direct","","GO:0016126","GO:1901615","0.3237001476666807","false","Direct","","24","","137","","Direct"
"681","473150","GO:0016125","ath00100","Direct","","GO:0016125","ath00100","0.5731363108091199","false","Direct","","23","","25","","Direct"
"682","473149","GO:0016125","GO:1901617","Direct","","GO:0016125","GO:1901617","0.4754937609357876","false","Direct","","23","","20","","Direct"
"683","473148","GO:0016125","GO:1901615","Direct","","GO:0016125","GO:1901615","0.43548269047820554","false","Direct","","23","","137","","Direct"
"684","473147","GO:0016125","GO:0016126","Direct","","GO:0016125","GO:0016126","0.8191855967369785","false","Direct","","23","","24","","Direct"
"685","472948","GO:0006694","ath00100","Direct","","GO:0006694","ath00100","0.6180981815572876","false","Direct","","22","","25","","Direct"
"686","472947","GO:0006694","GO:1901617","Direct","","GO:0006694","GO:1901617","0.5347481228190496","false","Direct","","22","","20","","Direct"
"687","472946","GO:0006694","GO:1901615","Direct","","GO:0006694","GO:1901615","0.4061115761815448","false","Direct","","22","","137","","Direct"
"688","472945","GO:0006694","GO:0016126","Direct","","GO:0006694","GO:0016126","0.7810924539211752","false","Direct","","22","","24","","Direct"
"689","472944","GO:0006694","GO:0016125","Direct","","GO:0006694","GO:0016125","0.8016846392374809","false","Direct","","22","","23","","Direct"
"690","472943","GO:0006694","GO:0008202","Direct","","GO:0006694","GO:0008202","0.7983857833114721","false","Direct","","22","","21","","Direct"
"691","472986","GO:0008202","ath00100","Direct","","GO:0008202","ath00100","0.46374584216181247","false","Direct","","21","","25","","Direct"
"692","472985","GO:0008202","GO:1901617","Direct","","GO:0008202","GO:1901617","0.4518112319361024","false","Direct","","21","","20","","Direct"
"693","472984","GO:0008202","GO:1901615","Direct","","GO:0008202","GO:1901615","0.45119227103831233","false","Direct","","21","","137","","Direct"
"694","472983","GO:0008202","GO:0016126","Direct","","GO:0008202","GO:0016126","0.5972534071331472","false","Direct","","21","","24","","Direct"
"695","472982","GO:0008202","GO:0016125","Direct","","GO:0008202","GO:0016125","0.7606368122150685","false","Direct","","21","","23","","Direct"
"696","473360","GO:1901617","ath00100","Direct","","GO:1901617","ath00100","0.30542610528070296","false","Direct","","20","","25","","Direct"
"697","473312","GO:0046394","GO:0072330","Direct","","GO:0046394","GO:0072330","0.8472900860007724","false","Direct","","19","","17","","Direct"
"698","473099","GO:0016053","GO:0072330","Direct","","GO:0016053","GO:0072330","0.8472900860007724","false","Direct","","18","","17","","Direct"
"699","473098","GO:0016053","GO:0046394","Direct","","GO:0016053","GO:0046394","1.0","false","Direct","","18","","19","","Direct"
"700","473097","GO:0016053","GO:0044283","Direct","","GO:0016053","GO:0044283","0.8360216189352402","false","Direct","","18","","16","","Direct"
"701","473096","GO:0016053","GO:0042446","Direct","","GO:0016053","GO:0042446","0.3243399981050236","false","Direct","","18","","130","","Direct"
"702","473095","GO:0016053","GO:0042445","Direct","","GO:0016053","GO:0042445","0.31268013110453174","false","Direct","","18","","87","","Direct"
"703","473094","GO:0016053","GO:0032787","Direct","","GO:0016053","GO:0032787","0.6730773880363206","false","Direct","","18","","15","","Direct"
"704","473289","GO:0044283","GO:0072330","Direct","","GO:0044283","GO:0072330","0.6910482052827978","false","Direct","","16","","17","","Direct"
"705","473288","GO:0044283","GO:0046394","Direct","","GO:0044283","GO:0046394","0.8360216189352402","false","Direct","","16","","19","","Direct"
"706","473207","GO:0032787","GO:0072330","Direct","","GO:0032787","GO:0072330","0.7849435382685613","false","Direct","","15","","17","","Direct"
"707","473206","GO:0032787","GO:0046394","Direct","","GO:0032787","GO:0046394","0.6730773880363206","false","Direct","","15","","19","","Direct"
"708","473205","GO:0032787","GO:0044283","Direct","","GO:0032787","GO:0044283","0.5627938503103764","false","Direct","","15","","16","","Direct"
"709","473204","GO:0032787","GO:0044255","Direct","","GO:0032787","GO:0044255","0.4075169058294509","false","Direct","","15","","10","","Direct"
"710","472879","GO:0006631","ath01212","Direct","","GO:0006631","ath01212","0.33615492300539856","false","Direct","","14","","121","","Direct"
"711","472878","GO:0006631","GO:0072330","Direct","","GO:0006631","GO:0072330","0.6645181320573582","false","Direct","","14","","17","","Direct"
"712","472877","GO:0006631","GO:0046394","Direct","","GO:0006631","GO:0046394","0.5553499503649552","false","Direct","","14","","19","","Direct"
"713","472876","GO:0006631","GO:0044283","Direct","","GO:0006631","GO:0044283","0.45035457294829256","false","Direct","","14","","16","","Direct"
"714","472875","GO:0006631","GO:0044255","Direct","","GO:0006631","GO:0044255","0.4155552651881492","false","Direct","","14","","10","","Direct"
"715","472874","GO:0006631","GO:0032787","Direct","","GO:0006631","GO:0032787","0.8464686160820026","false","Direct","","14","","15","","Direct"
"716","472873","GO:0006631","GO:0016053","Direct","","GO:0006631","GO:0016053","0.5553499503649552","false","Direct","","14","","18","","Direct"
"717","472872","GO:0006631","GO:0008610","Direct","","GO:0006631","GO:0008610","0.30228610016610835","false","Direct","","14","","9","","Direct"
"718","472871","GO:0006631","GO:0006633","Direct","","GO:0006631","GO:0006633","0.7660742448138574","false","Direct","","14","","129","","Direct"
"719","473135","GO:0016114","GO:0046246","Direct","","GO:0016114","GO:0046246","0.337686136097908","false","Direct","","13","","84","","Direct"
"720","473134","GO:0016114","GO:0042214","Direct","","GO:0016114","GO:0042214","0.4324123201944368","false","Direct","","13","","140","","Direct"
"721","473133","GO:0016114","GO:0016117","Direct","","GO:0016114","GO:0016117","0.39888741081188006","false","Direct","","13","","56","","Direct"
"722","473132","GO:0016114","GO:0016116","Direct","","GO:0016114","GO:0016116","0.4095670555081077","false","Direct","","13","","54","","Direct"
"723","472971","GO:0006721","GO:0046246","Direct","","GO:0006721","GO:0046246","0.31441537759944616","false","Direct","","12","","84","","Direct"
"724","472970","GO:0006721","GO:0042214","Direct","","GO:0006721","GO:0042214","0.416642690227086","false","Direct","","12","","140","","Direct"
"725","472969","GO:0006721","GO:0016117","Direct","","GO:0006721","GO:0016117","0.3716391398016088","false","Direct","","12","","56","","Direct"
"726","472968","GO:0006721","GO:0016116","Direct","","GO:0006721","GO:0016116","0.42000882742422957","false","Direct","","12","","54","","Direct"
"727","472967","GO:0006721","GO:0016114","Direct","","GO:0006721","GO:0016114","0.9562125098355989","false","Direct","","12","","13","","Direct"
"728","472966","GO:0006721","GO:0016109","Direct","","GO:0006721","GO:0016109","0.3716391398016088","false","Direct","","12","","55","","Direct"
"729","472965","GO:0006721","GO:0016108","Direct","","GO:0006721","GO:0016108","0.42000882742422957","false","Direct","","12","","53","","Direct"
"730","472964","GO:0006721","GO:0016102","Direct","","GO:0006721","GO:0016102","0.33098107111708513","false","Direct","","12","","92","","Direct"
"731","472963","GO:0006721","GO:0016101","Direct","","GO:0006721","GO:0016101","0.3413164448001388","false","Direct","","12","","93","","Direct"
"732","472962","GO:0006721","GO:0009686","Direct","","GO:0006721","GO:0009686","0.32052856587686174","false","Direct","","12","","90","","Direct"
"733","472961","GO:0006721","GO:0009685","Direct","","GO:0006721","GO:0009685","0.33098107111708513","false","Direct","","12","","89","","Direct"
"734","472960","GO:0006721","GO:0008610","Direct","","GO:0006721","GO:0008610","0.3345479589564355","false","Direct","","12","","9","","Direct"
"735","472959","GO:0006721","GO:0008299","Direct","","GO:0006721","GO:0008299","0.8301150647408772","false","Direct","","12","","131","","Direct"
"736","472958","GO:0006720","ath00900","Direct","","GO:0006720","ath00900","0.3958658281390776","false","Direct","","11","","125","","Direct"
"737","472957","GO:0006720","GO:0046246","Direct","","GO:0006720","GO:0046246","0.31123166566240495","false","Direct","","11","","84","","Direct"
"738","472956","GO:0006720","GO:0044255","Direct","","GO:0006720","GO:0044255","0.33957623048572355","false","Direct","","11","","10","","Direct"
"739","472955","GO:0006720","GO:0042214","Direct","","GO:0006720","GO:0042214","0.403981570025507","false","Direct","","11","","140","","Direct"
"740","472954","GO:0006720","GO:0016116","Direct","","GO:0006720","GO:0016116","0.33528743303484904","false","Direct","","11","","54","","Direct"
"741","472953","GO:0006720","GO:0016114","Direct","","GO:0006720","GO:0016114","0.8194260762751691","false","Direct","","11","","13","","Direct"
"742","472952","GO:0006720","GO:0016108","Direct","","GO:0006720","GO:0016108","0.33528743303484904","false","Direct","","11","","53","","Direct"
"743","472951","GO:0006720","GO:0008610","Direct","","GO:0006720","GO:0008610","0.4212398672863379","false","Direct","","11","","9","","Direct"
"744","472950","GO:0006720","GO:0008299","Direct","","GO:0006720","GO:0008299","0.9619837643614557","false","Direct","","11","","131","","Direct"
"745","472949","GO:0006720","GO:0006721","Direct","","GO:0006720","GO:0006721","0.8621233928020655","false","Direct","","11","","12","","Direct"
"746","473003","GO:0008610","GO:0072330","Direct","","GO:0008610","GO:0072330","0.351641144890227","false","Direct","","9","","17","","Direct"
"747","473002","GO:0008610","GO:0046394","Direct","","GO:0008610","GO:0046394","0.3729451991801312","false","Direct","","9","","19","","Direct"
"748","473001","GO:0008610","GO:0044283","Direct","","GO:0008610","GO:0044283","0.38847761320349283","false","Direct","","9","","16","","Direct"
"749","473000","GO:0008610","GO:0044255","Direct","","GO:0008610","GO:0044255","0.7238962725024262","false","Direct","","9","","10","","Direct"
"750","472999","GO:0008610","GO:0016114","Direct","","GO:0008610","GO:0016114","0.33631823622002943","false","Direct","","9","","13","","Direct"
"751","472998","GO:0008610","GO:0016053","Direct","","GO:0008610","GO:0016053","0.3729451991801312","false","Direct","","9","","18","","Direct"
"752","472997","GO:0008610","GO:0008654","Direct","","GO:0008610","GO:0008654","0.33121668323749015","false","Direct","","9","","3","","Direct"
"753","473330","GO:0046488","ath00563","Direct","","GO:0046488","ath00563","0.3896826456588521","false","Direct","","8","","73","","Direct"
"754","473329","GO:0046488","GO:1903509","Direct","","GO:0046488","GO:1903509","0.30793231288844075","false","Direct","","8","","69","","Direct"
"755","473328","GO:0046488","GO:0046854","Direct","","GO:0046488","GO:0046854","0.38611271158809296","false","Direct","","8","","64","","Direct"
"756","473327","GO:0046488","GO:0046834","Direct","","GO:0046488","GO:0046834","0.3491667741342583","false","Direct","","8","","63","","Direct"
"757","473323","GO:0046474","ath00564","Direct","","GO:0046474","ath00564","0.442364482707241","false","Direct","","7","","123","","Direct"
"758","473322","GO:0046474","ath00563","Direct","","GO:0046474","ath00563","0.3748551812923352","false","Direct","","7","","73","","Direct"
"759","473321","GO:0046474","GO:1903509","Direct","","GO:0046474","GO:1903509","0.31797503236834274","false","Direct","","7","","69","","Direct"
"760","473320","GO:0046474","GO:0090407","Direct","","GO:0046474","GO:0090407","0.5086998961902361","false","Direct","","7","","5","","Direct"
"761","473319","GO:0046474","GO:0072528","Direct","","GO:0046474","GO:0072528","0.35528485865651016","false","Direct","","7","","82","","Direct"
"762","473318","GO:0046474","GO:0072527","Direct","","GO:0046474","GO:0072527","0.35528485865651016","false","Direct","","7","","83","","Direct"
"763","473317","GO:0046474","GO:0046488","Direct","","GO:0046474","GO:0046488","0.4603326842410579","false","Direct","","7","","8","","Direct"
"764","473316","GO:0046474","GO:0046486","Direct","","GO:0046474","GO:0046486","0.6040525377864884","false","Direct","","7","","1","","Direct"
"765","473294","GO:0045017","ath00564","Direct","","GO:0045017","ath00564","0.42719373627458945","false","Direct","","6","","123","","Direct"
"766","473293","GO:0045017","GO:0090407","Direct","","GO:0045017","GO:0090407","0.49720358748728305","false","Direct","","6","","5","","Direct"
"767","473292","GO:0045017","GO:0046488","Direct","","GO:0045017","GO:0046488","0.385494051043904","false","Direct","","6","","8","","Direct"
"768","473291","GO:0045017","GO:0046486","Direct","","GO:0045017","GO:0046486","0.7358679559927938","false","Direct","","6","","1","","Direct"
"769","473290","GO:0045017","GO:0046474","Direct","","GO:0045017","GO:0046474","0.8527888886163336","false","Direct","","6","","7","","Direct"
"770","473355","GO:0090407","ath00564","Direct","","GO:0090407","ath00564","0.31323124444537803","false","Direct","","5","","123","","Direct"
"771","473354","GO:0090407","GO:1901137","Direct","","GO:0090407","GO:1901137","0.33642371082939077","false","Direct","","5","","103","","Direct"
"772","473353","GO:0090407","GO:1901135","Direct","","GO:0090407","GO:1901135","0.3579276588979381","false","Direct","","5","","127","","Direct"
"773","472918","GO:0006650","ath00564","Direct","","GO:0006650","ath00564","0.4462088688990171","false","Direct","","4","","123","","Direct"
"774","472917","GO:0006650","GO:0090407","Direct","","GO:0006650","GO:0090407","0.42278566269513257","false","Direct","","4","","5","","Direct"
"775","472916","GO:0006650","GO:0046488","Direct","","GO:0006650","GO:0046488","0.6953062225795237","false","Direct","","4","","8","","Direct"
"776","472915","GO:0006650","GO:0046486","Direct","","GO:0006650","GO:0046486","0.8716508663941481","false","Direct","","4","","1","","Direct"
"777","472914","GO:0006650","GO:0046474","Direct","","GO:0006650","GO:0046474","0.7180743467885308","false","Direct","","4","","7","","Direct"
"778","472913","GO:0006650","GO:0045017","Direct","","GO:0006650","GO:0045017","0.6432252407957169","false","Direct","","4","","6","","Direct"
"779","472912","GO:0006650","GO:0019637","Direct","","GO:0006650","GO:0019637","0.5405011684489789","false","Direct","","4","","2","","Direct"
"780","472911","GO:0006650","GO:0008654","Direct","","GO:0006650","GO:0008654","0.5612700439827459","false","Direct","","4","","3","","Direct"
"781","472910","GO:0006650","GO:0006661","Direct","","GO:0006650","GO:0006661","0.3981380769268132","false","Direct","","4","","72","","Direct"
"782","473012","GO:0008654","ath00564","Direct","","GO:0008654","ath00564","0.4328542709806121","false","Direct","","3","","123","","Direct"
"783","473011","GO:0008654","GO:1903509","Direct","","GO:0008654","GO:1903509","0.30401564311048407","false","Direct","","3","","69","","Direct"
"784","473010","GO:0008654","GO:0090407","Direct","","GO:0008654","GO:0090407","0.7792847258902464","false","Direct","","3","","5","","Direct"
"785","473009","GO:0008654","GO:0046488","Direct","","GO:0008654","GO:0046488","0.30663909883661516","false","Direct","","3","","8","","Direct"
"786","473008","GO:0008654","GO:0046486","Direct","","GO:0008654","GO:0046486","0.5082273545440116","false","Direct","","3","","1","","Direct"
"787","473007","GO:0008654","GO:0046474","Direct","","GO:0008654","GO:0046474","0.6965049442917678","false","Direct","","3","","7","","Direct"
"788","473006","GO:0008654","GO:0045017","Direct","","GO:0008654","GO:0045017","0.6569825797276393","false","Direct","","3","","6","","Direct"
"789","473005","GO:0008654","GO:0019637","Direct","","GO:0008654","GO:0019637","0.5593124127661688","false","Direct","","3","","2","","Direct"
"790","473004","GO:0008654","GO:0009247","Direct","","GO:0008654","GO:0009247","0.3150365317083821","false","Direct","","3","","71","","Direct"
"791","473190","GO:0019637","ath00564","Direct","","GO:0019637","ath00564","0.3193643479631743","false","Direct","","2","","123","","Direct"
"792","473189","GO:0019637","GO:1901135","Direct","","GO:0019637","GO:1901135","0.3879544895983938","false","Direct","","2","","127","","Direct"
"793","473188","GO:0019637","GO:0090407","Direct","","GO:0019637","GO:0090407","0.7563264145579244","false","Direct","","2","","5","","Direct"
"794","473187","GO:0019637","GO:0051186","Direct","","GO:0019637","GO:0051186","0.307524908655043","false","Direct","","2","","117","","Direct"
"795","473186","GO:0019637","GO:0046488","Direct","","GO:0019637","GO:0046488","0.32965938988857446","false","Direct","","2","","8","","Direct"
"796","473185","GO:0019637","GO:0046486","Direct","","GO:0019637","GO:0046486","0.5062436934400389","false","Direct","","2","","1","","Direct"
"797","473184","GO:0019637","GO:0046474","Direct","","GO:0019637","GO:0046474","0.34360755210871663","false","Direct","","2","","7","","Direct"
"798","473183","GO:0019637","GO:0045017","Direct","","GO:0019637","GO:0045017","0.3388591641931018","false","Direct","","2","","6","","Direct"
"799","473326","GO:0046486","ath00564","Direct","","GO:0046486","ath00564","0.47973533687207714","false","Direct","","1","","123","","Direct"
"800","473325","GO:0046486","GO:0090407","Direct","","GO:0046486","GO:0090407","0.39416666328122935","false","Direct","","1","","5","","Direct"
"801","473324","GO:0046486","GO:0046488","Direct","","GO:0046486","GO:0046488","0.5832548187683387","false","Direct","","1","","8","","Direct"
